title,url,published_date,quality_score,relevance_score,description,content_preview,agent_count,processing_status,context_score,credibility_score,depth_score,relevance_agent_score,human_reasoning_score,overall_agent_score
BONK Jumps 19% as Altcoin Market Surge Accelerates,https://www.coindesk.com/markets/2025/07/17/bonk-jumps-19-as-altcoin-market-surge-accelerates,"Thu, 17 Jul 2025 12:06:19 +0000",100,100,,"MarketsShareShare this articleCopy linkX iconX (Twitter)LinkedInFacebookEmailBONK Jumps 19 as Altcoin Market Surge AcceleratesBONK saw 19 surge amid altcoin breakout and nearly 250M in daily trading volumeByJamie Crawley,CD AnalyticsEdited byParikshit MishraJul 17, 2025, 12:06 p.m.BONK-USD, July 17 ",13,success,4.0,6.0,4.0,7.5,5.0,5.3
"DPRK-Linked Hacks Drive Potential Record Year for Crypto Thefts, Chainalysis Says",https://www.coindesk.com/policy/2025/07/16/dprk-linked-hacks-drive-potential-record-year-for-crypto-thefts-chainalysis-says,"Thu, 17 Jul 2025 12:00:00 +0000",100,100,,"PolicyShareShare this articleCopy linkX iconX (Twitter)LinkedInFacebookEmailDPRK-Linked Hacks Drive Potential Record Year for Crypto Thefts, Chainalysis SaysHackers have already stolen 2.17 billion from crypto companies this year, more than was swindled throughout the entirety of 2024  and its only ",13,success,5.0,7.5,6.0,9.0,7.0,6.5
"Ripple Developers Propose Metadata Standard for XRPL Tokens to Boost Discoverability, Interoperability",https://www.coindesk.com/tech/2025/07/17/ripple-developers-propose-metadata-standard-for-xrpl-tokens-to-boost-discoverability-interoperability,"Thu, 17 Jul 2025 11:37:06 +0000",100,100,,"TechShareShare this articleCopy linkX iconX (Twitter)LinkedInFacebookEmailRipple Developers Propose Metadata Standard for XRPL Tokens to Boost Discoverability, InteroperabilityXLS-0089d is backward-compatible and opt-in. That means tokens that dont follow this new metadata standard will still functi",13,success,5.0,9.0,7.5,8.5,7.0,7.0
Early Bitcoin Investor Roger Ver Sues Spain to Prevent Extradition to the U.S.,https://www.coindesk.com/policy/2025/07/17/early-bitcoin-investor-roger-ver-sues-spain-to-prevent-extradition-to-the-us,"Thu, 17 Jul 2025 11:23:34 +0000",100,100,,"PolicyShareShare this articleCopy linkX iconX (Twitter)LinkedInFacebookEmailEarly Bitcoin Investor Roger Ver Sues Spain to Prevent Extradition to the U.S.Spains order amounts to a clear denial of justice and a breach of the rules governing extradition procedures, according to a copy of the complaint",13,success,5.0,8.0,3.5,7.5,7.0,6.2
Altcoins Steal the Show as Bitcoin Builds Steam: Crypto Daybook Americas,https://www.coindesk.com/daybook-us/2025/07/17/altcoins-steal-the-show-as-bitcoin-builds-steam-crypto-daybook-americas,"Thu, 17 Jul 2025 11:20:00 +0000",100,100,,"Crypto Daybook AmericasShareShare this articleCopy linkX iconX (Twitter)LinkedInFacebookEmailAltcoins Steal the Show as Bitcoin Builds Steam: Crypto Daybook AmericasYour day-ahead look for July 17, 2025ByJames Van Straten,Omkar Godbole,Shaurya MalwaEdited bySheldon RebackUpdatedJul 17, 2025, 11:36 a",13,success,4.5,6.0,5.0,8.5,5.5,5.9
Strategy Hits Record $128.5B Market Cap as Bitcoin Buying Prompts Equity Sales,https://www.coindesk.com/markets/2025/07/17/strategy-hits-record-1285b-market-cap-as-bitcoin-buying-prompts-equity-sales,"Thu, 17 Jul 2025 09:23:13 +0000",100,100,,MarketsShareShare this articleCopy linkX iconX (Twitter)LinkedInFacebookEmailStrategy Hits Record 128.5B Market Cap as Bitcoin Buying Prompts Equity SalesThe company has tripled the number of shares outstanding since 2020 through major ATM offerings as investors reward its bitcoin-focused transforma,13,success,4.0,8.0,6.0,8.5,7.0,6.4
Biotech Company Windtree to Raise Up to $200M for BNB Treasury,https://www.coindesk.com/business/2025/07/17/biotech-company-windtree-to-raise-up-to-200m-for-bnb-treasury,"Thu, 17 Jul 2025 08:52:04 +0000",100,100,,"FinanceShareShare this articleCopy linkX iconX (Twitter)LinkedInFacebookEmailBiotech Company Windtree to Raise Up to 200M for BNB TreasuryWindtree said it would become the first Nasdaq-listed company to build a BNB treasuryByJamie CrawleyEdited byParikshit MishraJul 17, 2025, 8:52 a.m.Biotechnology ",13,success,5.0,8.5,4.0,8.5,7.0,6.4
"Pakistan, El Salvador Form Crypto-Focused Partnership",https://www.coindesk.com/policy/2025/07/17/pakistan-el-salvador-form-crypto-focused-partnership,"Thu, 17 Jul 2025 08:18:56 +0000",100,100,,"PolicyShareShare this articleCopy linkX iconX (Twitter)LinkedInFacebookEmailPakistan, El Salvador Form Crypto-Focused PartnershipPakistan, despite IMF oversight, is exploring crypto integration, including a BTC reserve and mining operations.ByFrancisco RodriguesEdited byParikshit MishraJul 17, 2025,",13,success,5.0,8.0,5.0,8.5,5.5,6.2
Ether ETFs Post Record $726M Daily Inflow as Analysts Signal ‘Deep Demand Shift’,https://www.coindesk.com/markets/2025/07/17/ether-etfs-post-record-726m-daily-inflow-as-analysts-signal-deep-demand-shift,"Thu, 17 Jul 2025 06:08:56 +0000",100,100,,MarketsShareShare this articleCopy linkX iconX (Twitter)LinkedInFacebookEmailEther ETFs Post Record 726M Daily Inflow as Analysts Signal Deep Demand ShiftBlackRocks ETHA led the charge with nearly 500 million in new inflows and over 1.78 billion in trading volume.ByShaurya MalwaEdited byParikshit Mi,13,success,4.0,6.0,6.5,9.0,7.0,6.1
"Ether Traders Eye Record Highs as ETH Jumps 8%; Bitcoin, BNB, SOL See Profit-Taking",https://www.coindesk.com/markets/2025/07/17/ether-traders-eye-record-highs-as-eth-jumps-8-bitcoin-bnb-sol-see-profit-taking,"Thu, 17 Jul 2025 05:42:44 +0000",100,100,,"MarketsShareShare this articleCopy linkX iconX (Twitter)LinkedInFacebookEmailEther Traders Eye Record Highs as ETH Jumps 8; Bitcoin, BNB, SOL See Profit-TakingU.S. spot Bitcoin ETFs posted their tenth consecutive day of net inflows at 799 million on Wednesday, led by BlackRocks IBIT at 763 million.B",13,success,4.0,6.0,5.5,8.5,7.0,5.9
Dogecoin Prints 12% Range Amid Whale-Led Rotation From XRP,https://www.coindesk.com/markets/2025/07/17/dogecoin-prints-12-range-amid-whale-led-rotation-from-xrp,"Thu, 17 Jul 2025 05:21:37 +0000",100,100,,"MarketsShareShare this articleCopy linkX iconX (Twitter)LinkedInFacebookEmailDogecoin Prints 12 Range Amid Whale-Led Rotation From XRPByShaurya Malwa,CD AnalyticsUpdatedJul 17, 2025, 5:21 a.m.PublishedJul 17, 2025, 5:21 a.m.(CoinDesk Data)What to know:Dogecoin surged 6.2 from 0.197 to 0.209 between ",13,success,4.0,7.5,5.5,8.5,4.5,5.8
"XRP Breaks Above $3 With Volume Surge Ahead of Futures ETF Launch, Next Target $3.40",https://www.coindesk.com/markets/2025/07/17/xrp-breaks-above-3-with-volume-surge-ahead-of-futures-etf-launch-next-target-340,"Thu, 17 Jul 2025 05:15:59 +0000",100,100,,"MarketsShareShare this articleCopy linkX iconX (Twitter)LinkedInFacebookEmailXRP Breaks Above 3 With Volume Surge Ahead of Futures ETF Launch, Next Target 3.40Institutional momentum confirmed as volume tops 170 million ahead of futures ETF launch.ByShaurya Malwa,CD AnalyticsUpdatedJul 17, 2025, 5:16",13,success,4.0,6.0,6.0,8.5,7.0,6.0
Crypto Market Maker B2C2 Said to Be Raising up to $200M: Source,https://www.coindesk.com/business/2025/07/17/crypto-market-maker-b2c2-said-to-be-raising-up-to-200m-source,"Thu, 17 Jul 2025 05:08:34 +0000",100,100,,"FinanceShareShare this articleCopy linkX iconX (Twitter)LinkedInFacebookEmailCrypto Market Maker B2C2 Said to Be Raising up to 200M: SourceThe transaction will allow majority holder SBI to reduce its stake in the crypto trading firm, the source said.ByWill Canny,Ian AllisonEdited bySheldon RebackJul",13,success,4.0,7.0,3.5,7.5,7.0,5.9
'Crypto Week' Back on Track After Lengthy House Do-Over Vote,https://www.coindesk.com/policy/2025/07/16/crypto-week-back-on-track-after-lengthy-house-do-over-vote,"Thu, 17 Jul 2025 03:05:03 +0000",100,100,,"PolicyShareShare this articleCopy linkX iconX (Twitter)LinkedInFacebookEmailCrypto Week Back on Track After Lengthy House Do-Over VoteAfter a marathon nine-hour vote, Republicans advanced crypto legislation to final votes.ByNikhilesh DeUpdatedJul 17, 2025, 3:37 a.m.PublishedJul 17, 2025, 3:05 a.m.(A",13,success,4.0,9.0,4.0,8.5,5.0,6.1
"Asia Morning Briefing: Bitcoin Eyes $130K as Euphoria Builds, But ETH and SOL Steal the Show",https://www.coindesk.com/markets/2025/07/17/asia-morning-briefing-bitcoin-eyes-130k-as-euphoria-builds-but-eth-and-sol-steal-the-show,"Thu, 17 Jul 2025 00:50:49 +0000",100,100,,"MarketsShareShare this articleCopy linkX iconX (Twitter)LinkedInFacebookEmailAsia Morning Briefing: Bitcoin Eyes 130K as Euphoria Builds, But ETH and SOL Steal the ShowPLUS: Coinbase rebrands Wallet into The Base AppBySam Reynolds,AI BoostEdited byAoyon AshrafJul 17, 2025, 12:50 a.m.What to know:Bit",13,success,5.0,6.5,5.5,8.5,5.5,6.0
Coinbase Wallet Becomes ‘Base App’ in Major Rebrand,https://www.coindesk.com/tech/2025/07/17/coinbase-wallet-becomes-base-app-in-major-rebrand,"Wed, 16 Jul 2025 23:00:14 +0000",100,100,,"TechShareShare this articleCopy linkX iconX (Twitter)LinkedInFacebookEmailCoinbase Wallet Becomes Base App in Major RebrandThe company is introducing a suite of consumer and developer tools that expands the Base Apps scope far beyond its origins as an Ethereum layer-2 blockchain.ByMargaux Nijkerk,AI",13,success,5.0,9.0,6.0,8.5,7.0,6.8
"Bitcoin's 4-Year Cycles May Be Over as the Asset Matures, K33 Analysts Say",https://www.coindesk.com/markets/2025/07/16/bitcoins-4-year-cycles-may-be-over-as-the-asset-matures-k33-analysts-say,"Wed, 16 Jul 2025 21:25:10 +0000",100,100,,"MarketsShareShare this articleCopy linkX iconX (Twitter)LinkedInFacebookEmailBitcoins 4-Year Cycles May Be Over as the Asset Matures, K33 Analysts SayMacroeconomic forces matter more now for BTC than the quadrennial mining reward halvings.ByKrisztian SandorEdited byStephen AlpherJul 16, 2025, 9:25 p",13,success,5.0,6.5,6.0,8.5,7.0,6.4
"CME Exploring 24/7 Crypto Trading Expansion, Says Memecoin Products Are Off the Table",https://www.coindesk.com/markets/2025/07/16/cme-exploring-24-7-crypto-trading-expansion-says-memecoin-products-are-off-the-table,"Wed, 16 Jul 2025 21:06:47 +0000",100,100,,"MarketsShareShare this articleCopy linkX iconX (Twitter)LinkedInFacebookEmailCME Exploring 247 Crypto Trading Expansion, Says Memecoin Products Are Off the TableThough recently expanding into Solana and XRP futures the derivatives exchange giant is drawing the line at memecoins, citing lack of real-",13,success,5.0,9.0,5.5,8.5,7.0,6.8
Hack ‘Victims’ Say Tornado Cash Offered No Help in the Wake of Exploits: Day 2 of Roman Storm Trial,https://www.coindesk.com/policy/2025/07/16/hack-victims-say-tornado-cash-offered-no-help-in-the-wake-of-exploits-day-2-of-roman-storm-trial,"Wed, 16 Jul 2025 19:40:48 +0000",100,100,,PolicyShareShare this articleCopy linkX iconX (Twitter)LinkedInFacebookEmailHack Victims Say Tornado Cash Offered No Help in the Wake of Exploits: Day 2 of Roman Storm TrialTornado Cash developer Roman Storm told one victims lawyer that he couldnt do anything to retrieve the funds given the decentra,13,success,5.0,9.0,6.0,8.5,6.0,6.8
The Node: The Plot to Fire Powell,https://www.coindesk.com/opinion/2025/07/16/the-node-the-plot-to-fire-powell,"Wed, 16 Jul 2025 19:38:07 +0000",100,100,,"OpinionShareShare this articleCopy linkX iconX (Twitter)LinkedInFacebookEmailThe Node: The Plot to Fire PowellThe White House is tightening the screws on Jerome Powell, the chairman of the Federal Reserve.ByTom CarrerasEdited byBenjamin SchillerJul 16, 2025, 7:38 p.m.Wikimedia CommonsModified by Coi",13,success,4.0,7.5,3.5,5.0,7.0,5.5
Trump-Linked WLFI Token Clears Vote to Become Tradable,https://www.coindesk.com/business/2025/07/16/trump-linked-wlfi-token-clears-vote-to-become-tradable,"Wed, 16 Jul 2025 19:33:49 +0000",100,100,,"FinanceShareShare this articleCopy linkX iconX (Twitter)LinkedInFacebookEmailTrump-Linked WLFI Token Clears Vote to Become TradableHolders voted 99 in favor of enabling transfers and exchange listings for WLFI, which has been locked-up since last years 590 million presale.ByKrisztian Sandor,AI Boost",13,success,5.5,9.0,4.0,8.5,7.0,6.8
'Crypto Week' Is Stuck Again as House Procedural Vote Drags On,https://www.coindesk.com/policy/2025/07/16/crypto-week-is-stuck-again-as-house-procedural-vote-drags-on,"Wed, 16 Jul 2025 19:13:29 +0000",100,100,,"PolicyShareShare this articleCopy linkX iconX (Twitter)LinkedInFacebookEmailCrypto Week Is Stuck Again as House Procedural Vote Drags OnThe House market structure bill was supposed to get a final vote later Wednesday.ByNikhilesh DeEdited byBenjamin Schiller,Jesse HamiltonUpdatedJul 16, 2025, 7:56 p.",13,success,4.0,9.0,4.0,8.5,7.0,6.5
The Protocol: Layer-2 Eclipse’s Airdrop Goes Live,https://www.coindesk.com/tech/2025/07/16/the-protocol-layer-2-eclipse-s-airdrop-goes-live,"Wed, 16 Jul 2025 17:32:10 +0000",100,100,,"TechShareShare this articleCopy linkX iconX (Twitter)LinkedInFacebookEmailThe Protocol: Layer-2 Eclipses Airdrop Goes LiveAlso: Risc Zeros Boundless Incentivized Testnet, A New Bitcoin Proposal, and The First DePIN Powered Credit Card.ByMargaux NijkerkEdited byBenjamin SchillerUpdatedJul 16, 2025, 5",13,success,4.0,9.0,5.5,8.5,7.0,6.5
NEAR Surges 8% as Altcoins Turn Bullish,https://www.coindesk.com/markets/2025/07/16/near-surges-8-as-tokens-edge-closer-to-altcoin-season,"Wed, 16 Jul 2025 16:55:30 +0000",100,100,,"MarketsShareShare this articleCopy linkX iconX (Twitter)LinkedInFacebookEmailNEAR Surges 8 as Altcoins Turn BullishThe move comes amid a strong move across the entire altcoin market on Wednesday.ByOliver Knight,CD AnalyticsUpdatedJul 16, 2025, 4:56 p.m.PublishedJul 16, 2025, 4:55 p.m.NEARUSD (CoinDe",13,success,4.0,9.0,4.0,7.5,5.0,5.8
"ICP Climbs With Broader Crypto Rally, Holds Gains Above $5.50",https://www.coindesk.com/markets/2025/07/16/icp-climbs-with-broader-crypto-rally-holds-gains-above-550,"Wed, 16 Jul 2025 16:43:21 +0000",100,100,,"MarketsShareShare this articleCopy linkX iconX (Twitter)LinkedInFacebookEmailICP Climbs With Broader Crypto Rally, Holds Gains Above 5.50ICP joins wider crypto breakout, rising 7 before stabilizing above key support near 5.52ByJamie Crawley,CD AnalyticsEdited byAoyon AshrafJul 16, 2025, 4:43 p.m.Wha",13,success,4.5,8.0,4.0,7.5,5.0,5.9
Asia Emerges as Major Hotspot for Violent Crypto Crime: Chainalysis,https://decrypt.co/330546/asia-emerges-as-hotspot-for-violent-crypto-crime-chainalysis,"Thu, 17 Jul 2025 12:01:03 +0000",100,100,"The region is emerging as a focal point in the global surge of crypto-related theft and laundering, according to a new report.","Coin PricesBTC117,951.00-0.54ETH3,428.588.14XRP3.2610.00BNB719.693.86SOL177.076.13USDC0.999677-0.02DOGE0.2160187.35STETH3,420.537.69TRX0.3115653.64ADA0.808957.99HYPE46.57-2.56WBTC117,899.00-0.57XLM0.4762132.47WSTETH4,137.348.07SUI4.020.15LINK17.264.64HBAR0.2487394.24BCH498.020.06AVAX23.004.41WEETH3,",13,success,3.0,5.5,3.5,8.5,7.0,5.0
Australian Regulator Flags Crypto as Top Threat in Financial Crime Crackdown,https://decrypt.co/330548/austrac-crypto-top-threat,"Thu, 17 Jul 2025 11:05:02 +0000",100,100,Crypto firms must prepare for stricter rules by 2026 as AUSTRAC targets sector-wide financial crime vulnerabilities.,"Coin PricesBTC117,951.00-0.54ETH3,428.588.14XRP3.2610.00BNB719.693.86SOL177.076.13USDC0.999677-0.02DOGE0.2160187.35STETH3,420.537.69TRX0.3115653.64ADA0.808957.99HYPE46.57-2.56WBTC117,899.00-0.57XLM0.4762132.47WSTETH4,137.348.07SUI4.020.15LINK17.264.64HBAR0.2487394.24BCH498.020.06AVAX23.004.41WEETH3,",13,success,2.0,5.5,3.5,8.5,7.0,5.0
"ETH + DOGE LEAD CRYPTO, PENGU UP BIG, ETH ETF INFLOWS CATCHING BTC",https://decrypt.co/videos/interviews/mObPY7xr/eth-doge-lead-crypto-pengu-up-big-eth-etf-inflows-catching-btc,"Thu, 17 Jul 2025 09:52:48 +0000",100,100,"ETH, DOGE lead crypto majors higher. ETH ETF inflows now 50-90% BTC inflows. BTC inflows to exchanges hit $9.4bn after CPI. House fails to advance crypto bills, next vote today. 11 reps who voted agai","Coin PricesBTC117,951.00-0.54ETH3,428.588.14XRP3.2610.00BNB719.693.86SOL177.076.13USDC0.999677-0.02DOGE0.2160187.35STETH3,420.537.69TRX0.3115653.64ADA0.808957.99HYPE46.57-2.56WBTC117,899.00-0.57XLM0.4762132.47WSTETH4,137.348.07SUI4.020.15LINK17.264.64HBAR0.2487394.24BCH498.020.06AVAX23.004.41WEETH3,",13,success,3.5,4.0,4.0,8.5,7.0,5.1
"CRYPTO BILLS STUCK, ETH LEADS MAJORS, PUMP STARTS BUYBACKS",https://decrypt.co/videos/interviews/kQJMUB87/crypto-bills-stuck-eth-leads-majors-pump-starts-buybacks,"Thu, 17 Jul 2025 09:35:17 +0000",100,100,"ETH, DOGE lead crypto majors higher. ETH ETF inflows now 50-90% BTC inflows. BTC inflows to exchanges hit $9.4bn after CPI. House fails to advance crypto bills, next vote today. 11 reps who voted agai","Coin PricesBTC117,951.00-0.54ETH3,428.588.14XRP3.2610.00BNB719.693.86SOL177.076.13USDC0.999677-0.02DOGE0.2160187.35STETH3,420.537.69TRX0.3115653.64ADA0.808957.99HYPE46.57-2.56WBTC117,899.00-0.57XLM0.4762132.47WSTETH4,137.348.07SUI4.020.15LINK17.264.64HBAR0.2487394.24BCH498.020.06AVAX23.004.41WEETH3,",13,success,3.0,5.5,4.0,8.5,7.0,5.2
Can Ethereum Breach New All-Time Highs This Year?,https://decrypt.co/330543/can-ethereum-breach-new-all-time-highs-this-year,"Thu, 17 Jul 2025 06:29:35 +0000",100,100,"Ethereum fundamentals and positioning are drawing renewed interest from institutions, lifting price and sentiment as analysts eye a new high.","Coin PricesBTC117,951.00-0.54ETH3,428.588.14XRP3.2610.00BNB719.693.86SOL177.076.13USDC0.999677-0.02DOGE0.2160187.35STETH3,420.537.69TRX0.3115653.64ADA0.808957.99HYPE46.57-2.56WBTC117,899.00-0.57XLM0.4762132.47WSTETH4,137.348.07SUI4.020.15LINK17.264.64HBAR0.2487394.24BCH498.020.06AVAX23.004.41WEETH3,",13,success,2.0,5.0,3.0,8.5,7.0,4.7
"Coinbase Unveils Its ‘Everything App,’ Merging Wallet, Social, and AI Tools",https://decrypt.co/330518/coinbase-everything-app-wallet-social-ai-tools,"Thu, 17 Jul 2025 05:52:51 +0000",100,100,"Coinbase's Base app, described as ""game-changing,"" combines cryptocurrency, AI, and social media into a single, all-in-one platform.","Coin PricesBTC117,951.00-0.54ETH3,428.588.14XRP3.2610.00BNB719.693.86SOL177.076.13USDC0.999677-0.02DOGE0.2160187.35STETH3,420.537.69TRX0.3115653.64ADA0.808957.99HYPE46.57-2.56WBTC117,899.00-0.57XLM0.4762132.47WSTETH4,137.348.07SUI4.020.15LINK17.264.64HBAR0.2487394.24BCH498.020.06AVAX23.004.41WEETH3,",13,success,2.0,5.5,3.5,8.5,7.0,4.9
House Clears Key Crypto Bills for Final Vote After Record 9-Hour Standoff,https://decrypt.co/330539/house-clears-key-crypto-bills-final-vote-record-9-hour-standoff,"Thu, 17 Jul 2025 05:40:50 +0000",100,100,"A nearly 10-hour procedural vote, the longest in House history, saw GOP lawmakers flip-flop on major crypto bills amid late-night talks.","Coin PricesBTC117,903.00-0.61ETH3,424.007.78XRP3.259.48BNB719.303.80SOL176.725.96USDC0.999742-0.02DOGE0.2158487.21STETH3,411.307.31TRX0.3115753.64ADA0.8056557.46HYPE46.55-3.03WBTC117,648.00-0.78XLM0.4749171.89WSTETH4,131.457.62SUI4.01-0.25LINK17.204.01HBAR0.2478953.70BCH496.94-0.22AVAX22.984.17WEETH",13,success,2.0,5.0,3.5,8.5,7.0,4.8
Bank of America CEO Says Still Too Early For Stablecoin Plans as US Stalls on Key Crypto Rules,https://decrypt.co/330519/bank-of-america-ceo-still-early-stablecoin-plans-us-stalls,"Thu, 17 Jul 2025 04:38:07 +0000",100,100,"Bank of America is holding back on stablecoins, with CEO Brian Moynihan citing regulatory uncertainty and limited customer demand.","Coin PricesBTC117,951.00-0.54ETH3,428.588.14XRP3.2610.00BNB719.693.86SOL177.076.13USDC0.999677-0.02DOGE0.2160187.35STETH3,420.537.69TRX0.3115653.64ADA0.808957.99HYPE46.57-2.56WBTC117,899.00-0.57XLM0.4762132.47WSTETH4,137.348.07SUI4.020.15LINK17.264.64HBAR0.2487394.24BCH498.020.06AVAX23.004.41WEETH3,",13,success,3.5,5.0,3.5,7.5,7.0,5.1
Whatever Happened to the Bitcoin and Ethereum Sweater Guys?,https://decrypt.co/330515/whatever-happened-bitcoin-ethereum-sweater-guys,"Thu, 17 Jul 2025 03:46:33 +0000",100,100,"The 2017 photo of two friends in crypto-themed sweaters became iconic. Eight years later, both men are still in the industry.","In briefMathieu Baril and Frédéric Fortier were featured in a viral NYT photo during cryptos first mainstream boom.Fortier has co-founded a decentralized derivatives exchange, while Baril now leads on-chain analytics startup Octav.Both appear to have quietly built serious crypto careers, while the p",13,success,5.0,9.0,4.0,4.0,7.0,6.1
Trump-Backed World Liberty Ethereum Tokens Are Set to Hit the Market,https://decrypt.co/330472/trump-backed-world-liberty-ethereum-tokens-hit-market,"Thu, 17 Jul 2025 01:01:03 +0000",100,100,"After a Wednesday vote, users will soon be able to buy and sell the Ethereum-based WLFI.","Coin PricesBTC117,951.00-0.54ETH3,428.588.14XRP3.2610.00BNB719.693.86SOL177.076.13USDC0.999677-0.02DOGE0.2160187.35STETH3,420.537.69TRX0.3115653.64ADA0.808957.99HYPE46.57-2.56WBTC117,899.00-0.57XLM0.4762132.47WSTETH4,137.348.07SUI4.020.15LINK17.264.64HBAR0.2487394.24BCH498.020.06AVAX23.004.41WEETH3,",13,success,3.0,4.5,3.0,7.0,7.0,4.7
Hate Making Phone Calls? Google’s AI Will Make Them for You,https://decrypt.co/330478/phone-calls-google-ai-make-them-for-you,"Wed, 16 Jul 2025 23:04:58 +0000",100,100,"Google adds AI tools to Search that make calls and answer complex queries on users’ behalf, but experts warn about the hidden cost.","Coin PricesBTC117,951.00-0.54ETH3,428.588.14XRP3.2610.00BNB719.693.86SOL177.076.13USDC0.999677-0.02DOGE0.2160187.35STETH3,420.537.69TRX0.3115653.64ADA0.808957.99HYPE46.57-2.56WBTC117,899.00-0.57XLM0.4762132.47WSTETH4,137.348.07SUI4.020.15LINK17.264.64HBAR0.2487394.24BCH498.020.06AVAX23.004.41WEETH3,",13,success,2.0,4.5,2.0,2.0,2.0,2.7
"SEC Delays Decision on Bitwise Bitcoin, Ethereum ETFs' In-kind Redemptions",https://decrypt.co/330480/sec-decision-bitwise-bitcoin-ethereum-etfs-in-kind-redemptions,"Wed, 16 Jul 2025 23:03:19 +0000",100,100,The regulator will rule on the request by the issuer on September 8.,"Coin PricesBTC117,903.00-0.61ETH3,424.007.78XRP3.259.48BNB719.303.80SOL176.725.96USDC0.999742-0.02DOGE0.2158487.21STETH3,411.307.31TRX0.3115753.64ADA0.8056557.46HYPE46.55-3.03WBTC117,648.00-0.78XLM0.4749171.89WSTETH4,131.457.62SUI4.01-0.25LINK17.204.01HBAR0.2478953.70BCH496.94-0.22AVAX22.984.17WEETH",13,success,2.0,5.0,3.5,7.5,7.0,4.6
Citi Considers Launching Stablecoin as TradFi Players Continue Crypto Embrace,https://decrypt.co/330482/citi-considers-launching-stablecoin-tradfi-players-continue-crypto-embrace,"Wed, 16 Jul 2025 23:02:02 +0000",100,100,Citi’s CEO revealed this week that the multinational bank is considering developing a stablecoin for cross-border payments.,"Coin PricesBTC117,951.00-0.54ETH3,428.588.14XRP3.2610.00BNB719.693.86SOL177.076.13USDC0.999677-0.02DOGE0.2160187.35STETH3,420.537.69TRX0.3115653.64ADA0.808957.99HYPE46.57-2.56WBTC117,899.00-0.57XLM0.4762132.47WSTETH4,137.348.07SUI4.020.15LINK17.264.64HBAR0.2487394.24BCH498.020.06AVAX23.004.41WEETH3,",13,success,3.0,5.0,3.5,9.0,7.0,5.0
"Coinbase and Strategy Set Stock Records Amid Bitcoin, Ethereum Spikes",https://decrypt.co/330479/coinbase-strategy-stock-set-records-bitcoin-ethereum-spikes,"Wed, 16 Jul 2025 22:38:48 +0000",100,100,"Amid major moves by Bitcoin, Ethereum, XRP, and other top coins, Coinbase and Strategy both set stock records on Wednesday.","Coin PricesBTC117,903.00-0.61ETH3,424.007.78XRP3.259.48BNB719.303.80SOL176.725.96USDC0.999742-0.02DOGE0.2158487.21STETH3,411.307.31TRX0.3115753.64ADA0.8056557.46HYPE46.55-3.03WBTC117,648.00-0.78XLM0.4749171.89WSTETH4,131.457.62SUI4.01-0.25LINK17.204.01HBAR0.2478953.70BCH496.94-0.22AVAX22.984.17WEETH",13,success,2.0,7.0,3.0,6.5,7.0,4.9
XRP Price Hits 6-Month High as Open Interest Soars to Record Levels,https://decrypt.co/330473/xrp-price-hits-6-month-high-open-interest-soars-record,"Wed, 16 Jul 2025 21:01:54 +0000",100,100,"Investors are racing to price in how the cryptocurrency could benefit from regulatory tailwinds and institutional adoption, analysts say.","Coin PricesBTC117,903.00-0.61ETH3,424.007.78XRP3.259.48BNB719.303.80SOL176.725.96USDC0.999742-0.02DOGE0.2158487.21STETH3,411.307.31TRX0.3115753.64ADA0.8056557.46HYPE46.55-3.03WBTC117,648.00-0.78XLM0.4749171.89WSTETH4,131.457.62SUI4.01-0.25LINK17.204.01HBAR0.2478953.70BCH496.94-0.22AVAX22.984.17WEETH",13,success,3.0,4.5,3.0,8.5,3.0,4.0
ARK Invest Sells $8.7 Million Worth of Bitcoin ETF Shares Taking Profits,https://decrypt.co/330461/ark-invest-sells-8-7-million-worth-bitcoin-etf-shares-taking-profits,"Wed, 16 Jul 2025 20:13:39 +0000",100,100,"ARKB had $6.2 million in outflows as Bitcoin ETFs overall added $403 million, marking nine straight days of inflows across the sector.","Coin PricesBTC117,903.00-0.61ETH3,424.007.78XRP3.259.48BNB719.303.80SOL176.725.96USDC0.999742-0.02DOGE0.2158487.21STETH3,411.307.31TRX0.3115753.64ADA0.8056557.46HYPE46.55-3.03WBTC117,648.00-0.78XLM0.4749171.89WSTETH4,131.457.62SUI4.01-0.25LINK17.204.01HBAR0.2478953.70BCH496.94-0.22AVAX22.984.17WEETH",13,success,3.0,4.0,3.0,7.5,7.0,4.6
"Ethereum Forms 'Golden Cross', With Bulls in Control: Analysis",https://decrypt.co/330445/ethereum-price-golden-cross-eth-bulls-analysis,"Wed, 16 Jul 2025 20:04:08 +0000",100,100,"The price of Ethereum has broken past a key resistance zone, forming a golden cross pattern that traders often like.","Coin PricesBTC117,903.00-0.61ETH3,424.007.78XRP3.259.48BNB719.303.80SOL176.725.96USDC0.999742-0.02DOGE0.2158487.21STETH3,411.307.31TRX0.3115753.64ADA0.8056557.46HYPE46.55-3.03WBTC117,648.00-0.78XLM0.4749171.89WSTETH4,131.457.62SUI4.01-0.25LINK17.204.01HBAR0.2478953.70BCH496.94-0.22AVAX22.984.17WEETH",13,success,3.0,7.0,3.0,7.5,3.0,4.3
Upexi Stock Surges as Solana Climbs—Why the Firm Is Bullish on SOL,https://decrypt.co/330463/upexi-stock-surges-solana-climbs-why-bullish-sol,"Wed, 16 Jul 2025 19:46:46 +0000",100,100,"Consumer products firm Upexi is now focused on accumulating Solana—and apparently reaping the rewards, with UPXI stock up nearly 39% on Wednesday.","Coin PricesBTC117,903.00-0.61ETH3,424.007.78XRP3.259.48BNB719.303.80SOL176.725.96USDC0.999742-0.02DOGE0.2158487.21STETH3,411.307.31TRX0.3115753.64ADA0.8056557.46HYPE46.55-3.03WBTC117,648.00-0.78XLM0.4749171.89WSTETH4,131.457.62SUI4.01-0.25LINK17.204.01HBAR0.2478953.70BCH496.94-0.22AVAX22.984.17WEETH",13,success,3.0,5.0,3.5,6.5,7.0,4.8
Ethereum Shorts Rekt as ETH Price Keeps Climbing,https://decrypt.co/330426/152-million-ethereum-shorts-rekt,"Wed, 16 Jul 2025 19:20:20 +0000",100,100,"Meanwhile, ETH futures volume has jumped 27% as open interest keeps rising.","Coin PricesBTC117,903.00-0.61ETH3,424.007.78XRP3.259.48BNB719.303.80SOL176.725.96USDC0.999742-0.02DOGE0.2158487.21STETH3,411.307.31TRX0.3115753.64ADA0.8056557.46HYPE46.55-3.03WBTC117,648.00-0.78XLM0.4749171.89WSTETH4,131.457.62SUI4.01-0.25LINK17.204.01HBAR0.2478953.70BCH496.94-0.22AVAX22.984.17WEETH",13,success,2.0,7.0,3.0,8.5,7.0,5.1
'Bitcoin Jesus' Roger Ver Sues Spain to Block Extradition Over US Tax Charges: Bloomberg,https://decrypt.co/330431/bitcoin-jesus-ver-sues-spain-block-extradition-us-tax-charges,"Wed, 16 Jul 2025 19:11:41 +0000",100,100,"Bitcoin icon Roger Ver sued Spain for allegedly violating his legal protections, after it ruled he could be extradited to the United States.","Coin PricesBTC117,951.00-0.54ETH3,428.588.14XRP3.2610.00BNB719.693.86SOL177.076.13USDC0.999677-0.02DOGE0.2160187.35STETH3,420.537.69TRX0.3115653.64ADA0.808957.99HYPE46.57-2.56WBTC117,899.00-0.57XLM0.4762132.47WSTETH4,137.348.07SUI4.020.15LINK17.264.64HBAR0.2487394.24BCH498.020.06AVAX23.004.41WEETH3,",13,success,3.0,5.0,3.0,7.5,3.0,4.1
Talos to Buy Coin Metrics Amid Surge in Crypto M&#038;A Activity,https://decrypt.co/330428/talos-buy-coin-metrics-surge-crypto-ma-activity,"Wed, 16 Jul 2025 18:40:50 +0000",100,100,The provider of institutional trading technology completed two deals last year.,"Coin PricesBTC117,903.00-0.61ETH3,424.007.78XRP3.259.48BNB719.303.80SOL176.725.96USDC0.999742-0.02DOGE0.2158487.21STETH3,411.307.31TRX0.3115753.64ADA0.8056557.46HYPE46.55-3.03WBTC117,648.00-0.78XLM0.4749171.89WSTETH4,131.457.62SUI4.01-0.25LINK17.204.01HBAR0.2478953.70BCH496.94-0.22AVAX22.984.17WEETH",13,success,2.0,4.0,3.0,8.5,7.0,4.5
EU Anti-Money Laundering Authority Warns Crypto Firms of New Regulations,https://decrypt.co/330410/eu-anti-money-laundering-warns-crypto-firms,"Wed, 16 Jul 2025 18:31:02 +0000",100,100,"The chair of the EU’s Anti-Money Laundering Authority (AMLA) noted the ‘fragmented’ EU crypto markets, and the risk of the ‘diverging application’ of rules.","Coin PricesBTC117,903.00-0.61ETH3,424.007.78XRP3.259.48BNB719.303.80SOL176.725.96USDC0.999742-0.02DOGE0.2158487.21STETH3,411.307.31TRX0.3115753.64ADA0.8056557.46HYPE46.55-3.03WBTC117,648.00-0.78XLM0.4749171.89WSTETH4,131.457.62SUI4.01-0.25LINK17.204.01HBAR0.2478953.70BCH496.94-0.22AVAX22.984.17WEETH",13,success,3.0,5.0,3.0,8.5,3.0,4.1
Bitcoin Wavers After Trump Says He's 'Not Planning' to Fire Fed Chair,https://decrypt.co/330418/bitcoin-wavers-trump-says-not-planning-fire-fed-chair,"Wed, 16 Jul 2025 17:46:41 +0000",100,100,"Experts say that testing the Fed’s independence could be bad for stocks and bonds, but a boon for assets like Bitcoin.","Coin PricesBTC117,903.00-0.61ETH3,424.007.78XRP3.259.48BNB719.303.80SOL176.725.96USDC0.999742-0.02DOGE0.2158487.21STETH3,411.307.31TRX0.3115753.64ADA0.8056557.46HYPE46.55-3.03WBTC117,648.00-0.78XLM0.4749171.89WSTETH4,131.457.62SUI4.01-0.25LINK17.204.01HBAR0.2478953.70BCH496.94-0.22AVAX22.984.17WEETH",13,success,3.5,5.5,3.5,6.5,7.0,4.9
Crypto Bills in Limbo After Dramatic Standoff on House Floor,https://decrypt.co/330419/crypto-week-bills-congress-dramatic-standoff-house-floor,"Wed, 16 Jul 2025 17:43:46 +0000",100,100,"Holdout Republicans are pouring cold water on ""Crypto Week.""","Coin PricesBTC117,903.00-0.61ETH3,424.007.78XRP3.259.48BNB719.303.80SOL176.725.96USDC0.999742-0.02DOGE0.2158487.21STETH3,411.307.31TRX0.3115753.64ADA0.8056557.46HYPE46.55-3.03WBTC117,648.00-0.78XLM0.4749171.89WSTETH4,131.457.62SUI4.01-0.25LINK17.204.01HBAR0.2478953.70BCH496.94-0.22AVAX22.984.17WEETH",13,success,2.0,4.0,3.0,6.5,3.0,3.5
"Dogecoin Rises as Pump.fun Token, Official Trump and Melania Meme Coins Jump",https://decrypt.co/330406/dogecoin-rises-pump-fun-token-trump-melania-meme-coins-jump,"Wed, 16 Jul 2025 15:28:53 +0000",100,100,"Meme coins are rising fast as the crypto market rebounds from a one-day selloff, with Dogecoin leading the charge.","Coin PricesBTC117,903.00-0.61ETH3,424.007.78XRP3.259.48BNB719.303.80SOL176.725.96USDC0.999742-0.02DOGE0.2158487.21STETH3,411.307.31TRX0.3115753.64ADA0.8056557.46HYPE46.55-3.03WBTC117,648.00-0.78XLM0.4749171.89WSTETH4,131.457.62SUI4.01-0.25LINK17.204.01HBAR0.2478953.70BCH496.94-0.22AVAX22.984.17WEETH",13,success,3.0,6.0,3.0,5.5,4.0,4.4
"DEA, FBI Have Seized $10 Million in Crypto From Mexican Drug Cartel Sinaloa This Year",https://decrypt.co/330388/dea-seized-10-million-crypto-mexican-drug-cartel-sinaloa,"Wed, 16 Jul 2025 14:25:28 +0000",100,100,"A quarterly report from the DOJ reveals Mexican Sinaloa cartel was raided in 2025 and agents seized $10 million in crypto in Miami, Florida.","Coin PricesBTC117,951.00-0.54ETH3,428.588.14XRP3.2610.00BNB719.693.86SOL177.076.13USDC0.999677-0.02DOGE0.2160187.35STETH3,420.537.69TRX0.3115653.64ADA0.808957.99HYPE46.57-2.56WBTC117,899.00-0.57XLM0.4762132.47WSTETH4,137.348.07SUI4.020.15LINK17.264.64HBAR0.2487394.24BCH498.020.06AVAX23.004.41WEETH3,",13,success,2.0,4.0,3.5,8.5,7.0,4.5
Bank of England Governor Doubts the UK Needs a 'Britcoin' CBDC,https://decrypt.co/330374/bank-of-england-unconvinced-britcoin-cbdc,"Wed, 16 Jul 2025 13:53:15 +0000",100,100,"BoE Governor Bailey casts doubt on digital pound necessity, warns against stablecoins undermining fiat currencies.","Coin PricesBTC117,903.00-0.61ETH3,424.007.78XRP3.259.48BNB719.303.80SOL176.725.96USDC0.999742-0.02DOGE0.2158487.21STETH3,411.307.31TRX0.3115753.64ADA0.8056557.46HYPE46.55-3.03WBTC117,648.00-0.78XLM0.4749171.89WSTETH4,131.457.62SUI4.01-0.25LINK17.204.01HBAR0.2478953.70BCH496.94-0.22AVAX22.984.17WEETH",13,success,3.0,7.0,3.5,7.5,7.0,5.2
"California Forms Tech Task Force With Ripple, Coinbase Participation",https://decrypt.co/330358/california-forms-tech-task-force-with-ripple-coinbase-participation,"Wed, 16 Jul 2025 13:18:41 +0000",100,100,The state’s new initiative draws in crypto firms to help overhaul its operations and explore blockchain’s role in public-sector innovation.,"Coin PricesBTC117,903.00-0.61ETH3,424.007.78XRP3.259.48BNB719.303.80SOL176.725.96USDC0.999742-0.02DOGE0.2158487.21STETH3,411.307.31TRX0.3115753.64ADA0.8056557.46HYPE46.55-3.03WBTC117,648.00-0.78XLM0.4749171.89WSTETH4,131.457.62SUI4.01-0.25LINK17.204.01HBAR0.2478953.70BCH496.94-0.22AVAX22.984.17WEETH",13,success,3.0,7.0,4.0,8.5,7.0,5.4
ChangeNOW Redefines Crypto Speed Standards with Sub-2-Minute Swaps,https://beincrypto.com/changenow-redefines-crypto-speed-standards-with-sub-2-minute-swaps/,"Thu, 17 Jul 2025 13:00:00 +0000",100,100,"<p>A crypto exchange platform ChangeNOW has reached a new performance milestone, officially announcing an average cryptocurrency processing time of under two minutes, with a median of four minutes, pl","ByAdvertorial17 July 2025, 13:00 GMT0000Updated byDmitriy Maiorov17 July 2025, 13:00 GMT0000Join our Trading Community on TelegramShare on TwitterShare on EmailShare on LinkedinShare on Google NewsEditorial Note: The following content does not reflect the views or opinions of BeInCrypto. It is provi",13,success,5.0,4.0,4.0,7.5,4.5,4.8
Ethereum Momentum Fuels Meme Coin Surge While PENGU and PUMP Stumble,https://beincrypto.com/ethereum-meme-coins-soar-pengu-pump-drop/,"Thu, 17 Jul 2025 12:31:25 +0000",100,100,"<p>As Ethereum's renewed strength fuels the altcoin market, meme coins like FLOKI and BONK gain, while weaker tokens like PENGU and PUMP tumble.</p>
<p>The post <a href=""https://beincrypto.com/ethereu","ByLockridge Okoth17 July 2025, 12:31 GMT0000Updated byAnn Maria Shibu17 July 2025, 12:31 GMT0000Join our Trading Community on TelegramShare on TwitterShare on EmailShare on LinkedinShare on Google NewsIn BriefMeme coins like FLOKI and BONK soar as Ethereums narrative drives market momentum, while PE",13,success,5.0,4.5,5.0,8.5,5.0,5.5
"2025 on Track to Become the Worst Year for Cryptocurrency Theft, Chainalysis Reveals",https://beincrypto.com/crypto-crime-2025-rising-thefts-violence/,"Thu, 17 Jul 2025 12:00:00 +0000",100,100,"<p>2025 is set to be the worst year for crypto thefts, with over $2.17 billion stolen already. Personal wallet breaches and wrench attacks are increasing, heightening concerns for both digital and phy","ByKamina Bashir17 July 2025, 12:00 GMT0000Updated byHarsh Notariya17 July 2025, 12:00 GMT0000Join our Trading Community on TelegramShare on TwitterShare on EmailShare on LinkedinShare on Google NewsIn BriefIn 2025, cryptocurrency services lost over 2.17 billion, surpassing total thefts in 2024 and s",13,success,5.0,4.0,6.0,9.0,5.0,5.5
3 Undervalued Altcoins Analysts Think Are About to Break Out in July,https://beincrypto.com/3-altcoins-break-out-in-july/,"Thu, 17 Jul 2025 11:45:40 +0000",100,100,"<p>Analysts point to THETA, DOT, and TON as top breakout candidates in July, driven by bullish news, technical signals, and market sentiment shifts.</p>
<p>The post <a href=""https://beincrypto.com/3-a","ByNhat Hoang17 July 2025, 11:45 GMT0000Updated byAnn Maria Shibu17 July 2025, 11:45 GMT0000Join our Trading Community on TelegramShare on TwitterShare on EmailShare on LinkedinShare on Google NewsIn BriefTHETA remains undervalued despite its FC Seoul partnership; analysts predict a potential 280 bre",13,success,5.0,5.5,5.0,6.5,5.5,5.6
"BNB Chain Targets 20,000 TPS and Native Privacy in 2026",https://beincrypto.com/bnb-chains-infrastructure-upgrade/,"Thu, 17 Jul 2025 11:12:50 +0000",100,100,"<p>BNB Chain is transforming into a high-performance, privacy-first blockchain built to rival CEXs and power the future of Web3 at scale.</p>
<p>The post <a href=""https://beincrypto.com/bnb-chains-inf","ByLinh Bùi17 July 2025, 11:12 GMT0000Updated byAnn Maria Shibu17 July 2025, 11:12 GMT0000Join our Trading Community on TelegramShare on TwitterShare on EmailShare on LinkedinShare on Google NewsIn BriefBNB Chains 2025 roadmap includes significant performance upgrades, focusing on reducing block prod",13,success,5.0,9.0,6.0,8.5,7.0,7.0
Bitget Wallet Report Reveals Gaming and Travel Are Top Crypto Payment Interests,https://beincrypto.com/bitget-wallet-report-reveals-gaming-and-travel-are-top-crypto-payment-interests/,"Thu, 17 Jul 2025 11:00:00 +0000",100,100,"<p>Bitget Wallet, the leading non-custodial crypto wallet, has released its third Onchain Report—Crypto Payment Use Cases—providing a detailed look into how global users want to spend their digital as","ByAdvertorial17 July 2025, 11:00 GMT0000Updated byDmitriy Maiorov17 July 2025, 11:00 GMT0000Join our Trading Community on TelegramShare on TwitterShare on EmailShare on LinkedinShare on Google NewsEditorial Note: The following content does not reflect the views or opinions of BeInCrypto. It is provi",13,success,6.0,5.5,4.0,8.5,7.0,6.0
"Upbit to Follow Binance in Listing Caldera, ERA Soars 60%",https://beincrypto.com/upbit-listing-fuels-caldera-surge/,"Thu, 17 Jul 2025 10:45:40 +0000",100,100,"<p>Caldera (ERA) surged 60% after Upbit announced its listing, following its inclusion in Binance’s HODLer airdrops. ERA is gaining significant attention from traders.</p>
<p>The post <a href=""https:/","ByLockridge Okoth17 July 2025, 10:45 GMT0000Updated byAnn Maria Shibu17 July 2025, 10:46 GMT0000Join our Trading Community on TelegramShare on TwitterShare on EmailShare on LinkedinShare on Google NewsIn BriefUpbits listing of Caldera (ERA) sparks a 60 price surge as the token gains traction on Sout",13,success,5.0,6.0,5.5,8.5,5.5,5.8
3 Signs Meme Coin Season Could Be Making a Comeback This July,https://beincrypto.com/meme-coin-season-return-july/,"Thu, 17 Jul 2025 10:07:27 +0000",100,100,"<p>The meme coin market is heating up in July, with standout gains, record token launches, and influential portfolios sparking fresh interest.</p>
<p>The post <a href=""https://beincrypto.com/meme-coin","ByNhat Hoang17 July 2025, 10:07 GMT0000Updated byAnn Maria Shibu17 July 2025, 10:07 GMT0000Join our Trading Community on TelegramShare on TwitterShare on EmailShare on LinkedinShare on Google NewsIn BriefMeme coins posted a 31 gain over the past month, outperforming all other crypto sectors despite ",13,success,5.0,4.0,4.0,6.5,5.0,5.0
Ether.fi Reinvents Itself as a Crypto Neobank—Genius Strategy or Risky Bet?,https://beincrypto.com/ether-fi-reinvents-itself-as-a-crypto-neobank/,"Thu, 17 Jul 2025 09:43:33 +0000",100,100,"<p>Ether.fi is evolving from a restaking leader to a crypto-native neobank, blending DeFi with real-world utility. But can it scale fast enough to compete?</p>
<p>Ask ChatGPT</p>
<p>The post <a href=""","ByLinh Bùi17 July 2025, 09:43 GMT0000Updated byHarsh Notariya17 July 2025, 09:43 GMT0000Join our Trading Community on TelegramShare on TwitterShare on EmailShare on LinkedinShare on Google NewsIn BriefEther.fi is pivoting from restaking to a crypto-native neobank, aiming for a full-stack DeFi ecosys",13,success,5.0,9.0,6.0,8.5,7.0,6.8
$1.5 Billion ETF Inflows Could Push Bitcoin Price 4% to New All-Time High,https://beincrypto.com/etf-inflows-push-bitcoin-price-to-new-all-time-high/,"Thu, 17 Jul 2025 09:21:27 +0000",100,100,"<p>Bitcoin's price is nearing its ATH with $1.5 billion ETF inflows, positioning it to breach $120,000 and push further.</p>
<p>The post <a href=""https://beincrypto.com/etf-inflows-push-bitcoin-price-","ByAaryamann Shrivastava17 July 2025, 09:21 GMT0000Updated byHarsh Notariya17 July 2025, 10:04 GMT0000Join our Trading Community on TelegramShare on TwitterShare on EmailShare on LinkedinShare on Google NewsIn BriefBitcoin faces resistance at 120,000, with a 4.1 gap to break its ATH, supported by 1.5",13,success,4.0,5.0,5.0,8.5,4.0,5.1
Pump Dips 23% Within Hours as Selling Intensifies: Will it Drop More?,https://beincrypto.com/pump-price-dips-within-hours-as-selling-intensifies/,"Thu, 17 Jul 2025 08:30:00 +0000",100,100,"<p>PUMP price is down 23% as large holders rush to sell. With millions already offloaded, the chart points to one key level—lose it, and more pain could follow.</p>
<p>The post <a href=""https://beincr","ByAnanda Banerjee17 July 2025, 08:30 GMT0000Updated byHarsh Notariya17 July 2025, 08:30 GMT0000Join our Trading Community on TelegramShare on TwitterShare on EmailShare on LinkedinShare on Google NewsIn BriefPUMP has dropped 23 in just hours, raising panicTop wallets already cashed out over 17 milli",13,success,4.0,9.0,6.0,7.5,7.0,6.7
Coinbase Launches New All-in-One Crypto App: Here’s What You Need to Know,https://beincrypto.com/coinbase-base-app-social-trading/,"Thu, 17 Jul 2025 07:00:17 +0000",100,100,"<p>Coinbase’s Base ecosystem introduces major updates, including the Base App for streamlined crypto experiences and Flashblocks for faster transactions, marking a significant shift toward integrated,","ByLockridge Okoth17 July 2025, 07:00 GMT0000Updated byAnn Maria Shibu17 July 2025, 08:57 GMT0000Join our Trading Community on TelegramShare on TwitterShare on EmailShare on LinkedinShare on Google NewsIn BriefCoinbase launched the Base App, a rebranded Coinbase Wallet, designed to streamline trading",13,success,5.0,9.0,6.0,8.5,7.0,6.9
Why is the Crypto Market Up Today?,https://beincrypto.com/why-is-the-crypto-market-up-today/,"Thu, 17 Jul 2025 05:18:47 +0000",100,100,"<p>The crypto market cap reached $3.71 trillion, with Bitcoin poised for a breakout and FLOKI approaching key resistance. A shift in sentiment could push prices further.</p>
<p>The post <a href=""https","ByAaryamann Shrivastava17 July 2025, 05:18 GMT0000Updated byHarsh Notariya17 July 2025, 05:41 GMT0000Join our Trading Community on TelegramShare on TwitterShare on EmailShare on LinkedinShare on Google NewsIn BriefThe total crypto market cap surged by 33 billion to 3.71 trillion, facing resistance a",13,success,5.0,4.0,4.0,8.5,7.0,5.7
"Ethereum Breaks $3,400: Investors Split Between Accumulation and Profit-Taking",https://beincrypto.com/ethereum-price-rally-whale-strategies/,"Thu, 17 Jul 2025 05:12:01 +0000",100,100,"<p>Ethereum’s recent price surge to over $3,400 reflects a mix of aggressive accumulation by key players like SharpLink Gaming and profit-taking from firms like Trend Research, highlighting diverse in","ByKamina Bashir17 July 2025, 05:12 GMT0000Updated byHarsh Notariya17 July 2025, 05:12 GMT0000Join our Trading Community on TelegramShare on TwitterShare on EmailShare on LinkedinShare on Google NewsIn BriefEthereum breached 3,400 for the first time in six months, signaling a strong bullish rally, de",13,success,5.0,6.5,5.0,8.5,7.0,6.2
Big Bitcoin Secret Revealed by Michael Saylor,https://u.today/big-bitcoin-secret-revealed-by-michael-saylor,"Thu, 17 Jul 2025 13:12:00 +0000",100,100,Vocal BTC evangelist Saylor has revealed the only thing that’s “better than Bitcoin”,"...HomeNewsMichael SaylorBig Bitcoin Secret Revealed by Michael SaylorNewsByYuri MolchanThu, 17072025 - 13:12Vocal BTC evangelist Saylor has revealed the only thing thats better than BitcoinAdvertisementCover image viaU.TodayDisclaimer: The opinions expressed by our writers are their own and do not ",13,success,4.0,5.5,3.0,4.0,4.5,4.5
"449,671,393 SHIB Scam Alert Issued by SHIB Team: Details",https://u.today/449671393-shib-scam-alert-issued-by-shib-team-details,"Thu, 17 Jul 2025 12:33:00 +0000",100,100,SHIB team has issued a crucial scam warning to their community,"...HomeNewsShiba Inu (SHIB) News449,671,393 SHIB Scam Alert Issued by SHIB Team: DetailsNewsByYuri MolchanThu, 17072025 - 12:33SHIB team has issued a crucial scam warning to their communityAdvertisementCover image viawww.freepik.comDisclaimer: The opinions expressed by our writers are their own and ",13,success,4.0,7.0,4.0,6.0,7.0,5.7
XRP Ultra-Rare Bull Signal Emerges; $5 Next?,https://u.today/xrp-ultra-rare-bull-signal-emerges-5-next,"Thu, 17 Jul 2025 12:23:00 +0000",100,100,"XRP price saw sharp surge, recently reaching $3.28","...HomeNewsXRP NewsXRP Ultra-Rare Bull Signal Emerges; 5 Next?NewsByTomiwabold OlajideThu, 17072025 - 12:23XRP price saw sharp surge, recently reaching 3.28AdvertisementCover image viawww.freepik.comDisclaimer: The opinions expressed by our writers are their own and do not represent the views of U.T",13,success,4.0,4.0,3.5,5.5,7.0,4.9
Top Trader Can't Believe This XRP Versus Bitcoin Chart,https://u.today/top-trader-cant-believe-this-xrp-versus-bitcoin-chart,"Thu, 17 Jul 2025 12:04:00 +0000",100,100,XRP vs. Bitcoin breakout? Chart leaves pro trader speechless,"...HomeNewsXRPTop Trader Cant Believe This XRP Versus Bitcoin ChartNewsByGamza KhanzadaevThu, 17072025 - 12:04XRP vs. Bitcoin breakout? Chart leaves pro trader speechlessAdvertisementCover image viawww.freepik.comDisclaimer: The opinions expressed by our writers are their own and do not represent th",13,success,4.0,4.0,3.5,5.0,7.0,4.8
Binance's CZ Reacts to Sen Warren's New Major Anti-Crypto Initiative: Details,https://u.today/binances-cz-reacts-to-sen-warrens-new-major-anti-crypto-initiative-details,"Thu, 17 Jul 2025 10:52:00 +0000",100,100,Former Binance CEO sides with top tech companies and their switch to blockchain against Senator Warren,"...HomeNewsChangpeng ZhaoBinances CZ Reacts to Sen Warrens New Major Anti-Crypto Initiative: DetailsNewsByYuri MolchanThu, 17072025 - 10:52Former Binance CEO sides with top tech companies and their switch to blockchain against Senator WarrenAdvertisementCover image viaU.TodayDisclaimer: The opinions",13,success,4.0,5.5,3.5,7.5,7.0,5.5
"$528,000,000 in Ethereum (ETH) Sold: Who's Dumping?",https://u.today/528000000-in-ethereum-eth-sold-whos-dumping,"Thu, 17 Jul 2025 10:22:00 +0000",100,100,"Ethereum seeing massive pressure spike, suggesting rapid market reversal","...HomeNewsEthereum528,000,000 in Ethereum (ETH) Sold: Whos Dumping?NewsByArman ShirinyanThu, 17072025 - 10:22Ethereum seeing massive pressure spike, suggesting rapid market reversalAdvertisementCover image viawww.freepik.comDisclaimer: The opinions expressed by our writers are their own and do not ",13,success,4.0,5.0,4.0,7.5,7.0,5.4
"Shiba Inu Skyrockets 50% in Volume, Where's Price Heading?",https://u.today/shiba-inu-skyrockets-50-in-volume-wheres-price-heading,"Thu, 17 Jul 2025 09:41:00 +0000",100,100,Shiba Inu trading volume jumps 50% amid positive shift in broader market sentiment,"...HomeNewsShiba InuShiba Inu Skyrockets 50 in Volume, Wheres Price Heading?NewsByGodfrey BenjaminThu, 17072025 - 9:41Shiba Inu trading volume jumps 50 amid positive shift in broader market sentimentAdvertisementCover image viawww.freepik.comDisclaimer: The opinions expressed by our writers are thei",13,success,4.0,5.5,3.5,5.5,4.5,4.8
Shiba Inu (SHIB) on Verge of Breaking Seven-Month Downtrend,https://u.today/shiba-inu-shib-on-verge-of-breaking-seven-month-downtrend,"Thu, 17 Jul 2025 09:19:00 +0000",100,100,Shiba Inu could finally be ready for long-term reversal following breakout of 200 EMA,"...HomeNewsShiba InuShiba Inu (SHIB) on Verge of Breaking Seven-Month DowntrendNewsByArman ShirinyanThu, 17072025 - 9:19Shiba Inu could finally be ready for long-term reversal following breakout of 200 EMAAdvertisementCover image viawww.freepik.comDisclaimer: The opinions expressed by our writers ar",13,success,4.0,4.0,4.0,6.5,4.5,4.6
Legendary Trader Peter Brandt Announces Altcoin Season’s Start,https://u.today/legendary-trader-peter-brandt-announces-altcoin-seasons-start,"Thu, 17 Jul 2025 08:47:00 +0000",100,100,"Savvy trader Brandt says altcoin season has arrived, spotting bullish pattern on chart","...HomeNewsPeter BrandtLegendary Trader Peter Brandt Announces Altcoin Seasons StartNewsByYuri MolchanThu, 17072025 - 8:47Savvy trader Brandt says altcoin season has arrived, spotting bullish pattern on chartAdvertisementCover image viaU.TodayDisclaimer: The opinions expressed by our writers are the",13,success,4.0,5.5,3.5,6.5,7.0,5.3
Senator Warren Warns Crypto Could Destroy US Economy,https://u.today/senator-warren-warns-crypto-could-destroy-us-economy,"Thu, 17 Jul 2025 07:27:41 +0000",100,100,"Crypto could be used to blow up entire US economy, Senator Elizabeth Warren suggests","...HomeNewsStablecoinSenator Warren Warns Crypto Could Destroy US EconomyNewsByAlex DovbnyaThu, 17072025 - 7:27Crypto could be used to blow up entire US economy, Senator Elizabeth Warren suggestsAdvertisementCover image viawww.freepik.comRead U.TODAY onGoogle NewsMassachusetts Senator Elizabeth Warr",13,success,4.0,6.0,3.5,7.5,4.0,4.9
Cracking Satoshi’s Wallets? Elon Musk Weighs In,https://u.today/cracking-satoshis-wallets-elon-musk-weighs-in,"Thu, 17 Jul 2025 05:49:03 +0000",100,100,Elon Musk has shared joke about cracking wallets of Bitcoin creator Satoshi Nakamoto,"...HomeNewsElon MuskCracking Satoshis Wallets? Elon Musk Weighs InNewsByAlex DovbnyaThu, 17072025 - 5:49Elon Musk has shared joke about cracking wallets of Bitcoin creator Satoshi NakamotoAdvertisementCover image viaU.TodayRead U.TODAY onGoogle NewsWill Satoshi challenge Musk?Musk has denied being S",13,success,3.0,7.0,2.0,3.0,7.0,4.9
Satoshi-Era Whale Moves $4.77 Billion in BTC,https://u.today/satoshi-era-whale-moves-477-billion-in-btc,"Thu, 17 Jul 2025 05:03:36 +0000",100,100,The Satoshi-era whale who sent shockwaves across the market on July 15 might be selling again,"...HomeNewsBitcoin NewsSatoshi-Era Whale Moves 4.77 Billion in BTCNewsByAlex DovbnyaThu, 17072025 - 5:03The Satoshi-era whale who sent shockwaves across the market on July 15 might be selling againAdvertisementCover image viawww.freepik.comRead U.TODAY onGoogle NewsAccording to data provided by Onch",13,success,4.0,4.0,3.0,7.5,4.0,4.4
"XRP out of 1,000,000,000 Club, Ethereum (ETH) Now Eyes $4,000, Is Bitcoin (BTC) in Trouble?",https://u.today/xrp-out-of-1000000000-club-ethereum-eth-now-eyes-4000-is-bitcoin-btc-in-trouble,"Thu, 17 Jul 2025 00:01:00 +0000",100,100,Market could be on verge of turnaround if bulls do not step up and help Bitcoin,"...HomeNewsCrypto Market ReviewBitcoinOriginal U.Today articleXRP out of 1,000,000,000 Club, Ethereum (ETH) Now Eyes 4,000, Is Bitcoin (BTC) in Trouble?NewsCrypto Market ReviewByArman ShirinyanThu, 17072025 - 0:01Market could be on verge of turnaround if bulls do not step up and help BitcoinAdvertis",13,success,4.0,5.5,4.0,5.5,7.0,5.3
"XRP on Verge of Ultra-Rare Golden Cross, 41.04% of SHIB Supply Held By Single Wallet, Enormous Satoshi-Era Bitcoin Whale Starts Selling: Crypto News Digest by U.Today",https://u.today/xrp-on-verge-of-ultra-rare-golden-cross-4104-of-shib-supply-held-by-single-wallet-enormous-satoshi,"Wed, 16 Jul 2025 22:53:53 +0000",100,100,Read U.Today's news digest to stay updated on the latest events in the crypto world,"...HomeCrypto News DigestBitcoinXRP on Verge of Ultra-Rare Golden Cross, 41.04 of SHIB Supply Held By Single Wallet, Enormous Satoshi-Era Bitcoin Whale Starts Selling: Crypto News Digest by U.TodayCrypto News DigestByU.Today Editorial TeamWed, 16072025 - 22:53Read U.Todays news digest to stay update",13,success,4.0,6.5,3.5,6.5,7.0,5.6
"Ethereum (ETH) Tops $3,300 as Holder Numbers Break Records",https://u.today/ethereum-eth-tops-3300-as-holder-numbers-break-records,"Wed, 16 Jul 2025 19:55:51 +0000",100,100,Ethereum (ETH) has successfully managed to outperform other major cryptocurrencies. Is this the start of another ETH season?,"...HomeNewsEthereum Price PredictionEthereum (ETH) Tops 3,300 as Holder Numbers Break RecordsNewsByAlex DovbnyaWed, 16072025 - 19:55Ethereum (ETH) has successfully managed to outperform other major cryptocurrencies. Is this the start of another ETH season?AdvertisementCover image viawww.freepik.comR",13,success,4.0,5.5,3.5,8.5,7.0,5.6
"$374 Million in ETH Moved in Mere Hours, What Are Whales Up To?",https://u.today/374-million-in-eth-moved-in-mere-hours-what-are-whales-up-to,"Wed, 16 Jul 2025 16:21:58 +0000",100,100,Ethereum whale activity surges as whales move thousands of ETH tokens in less than 4 hours,"...HomeNewsEthereum374 Million in ETH Moved in Mere Hours, What Are Whales Up To?NewsByCaroline AmosunWed, 16072025 - 16:21Ethereum whale activity surges as whales move thousands of ETH tokens in less than 4 hoursAdvertisementCover image viawww.freepik.comRead U.TODAY onGoogle NewsEthereumhas contin",13,success,5.0,9.0,4.0,8.5,7.0,6.7
"Tether Mints 2 Billion USDT as Bitcoin Price Reclaims $119,000",https://u.today/tether-mints-2-billion-usdt-as-bitcoin-price-reclaims-119000,"Wed, 16 Jul 2025 16:07:00 +0000",100,100,"Tether injects 2,000,000,000 USDT as crypto rally picks up momentum","...HomeNewsTetherTether Mints 2 Billion USDT as Bitcoin Price Reclaims 119,000NewsByGodfrey BenjaminWed, 16072025 - 16:07Tether injects 2,000,000,000 USDT as crypto rally picks up momentumAdvertisementCover image viawww.freepik.comDisclaimer: The opinions expressed by our writers are their own and d",13,success,4.0,3.5,4.0,8.5,7.0,5.1
XRP Tops $3 on Reports of Fed Chair Powell's Likely Ouster,https://u.today/xrp-tops-3-on-reports-of-fed-chair-powells-likely-ouster,"Wed, 16 Jul 2025 15:50:57 +0000",100,100,Cryptocurrencies have reacted positively to reports of potential Powell ouster,"...HomeNewsXRP Price PredictionXRP Tops 3 on Reports of Fed Chair Powells Likely OusterNewsByAlex DovbnyaWed, 16072025 - 15:50Cryptocurrencies have reacted positively to reports of potential Powell ousterAdvertisementCover image viawww.freepik.comRead U.TODAY onGoogle NewsXRP, the third-biggest cryp",13,success,4.0,5.5,3.0,6.5,7.0,5.2
Ripple Exec Breaks Silence on Game-Changing Custody Move: Details,https://u.today/ripple-exec-breaks-silence-on-game-changing-custody-move-details,"Wed, 16 Jul 2025 15:37:00 +0000",100,100,Ripple executive reacts to move set to boost XRP Ledger,"...HomeNewsRipple NewsRipple Exec Breaks Silence on Game-Changing Custody Move: DetailsNewsByTomiwabold OlajideWed, 16072025 - 15:37Ripple executive reacts to move set to boost XRP LedgerAdvertisementCover image viawww.freepik.comDisclaimer: The opinions expressed by our writers are their own and do",13,success,4.0,6.0,4.0,8.5,7.0,5.7
"Abnormal 51,209% Liquidation Imbalance Absolutely Stuns XRP Bears",https://u.today/abnormal-51209-liquidation-imbalance-absolutely-stuns-xrp-bears,"Wed, 16 Jul 2025 15:24:00 +0000",100,100,"XRP rockets 51,209% in abnormal liquidation imbalance as bulls take charge","...HomeNewsXRPAbnormal 51,209 Liquidation Imbalance Absolutely Stuns XRP BearsNewsByGamza KhanzadaevWed, 16072025 - 15:24XRP rockets 51,209 in abnormal liquidation imbalance as bulls take chargeAdvertisementCover image viawww.freepik.comDisclaimer: The opinions expressed by our writers are their own",13,success,4.0,3.5,4.0,6.5,3.5,4.0
Crucial 10-Year Bitcoin Warning Issued by Jeremie Davinci,https://u.today/crucial-10-year-bitcoin-warning-issued-by-jeremie-davinci,"Wed, 16 Jul 2025 15:14:00 +0000",100,100,Bitcoin OG Davinci gives important advice for next decade to potential BTC holders,"...HomeNewsBitcoinCrucial 10-Year Bitcoin Warning Issued by Jeremie DavinciNewsByYuri MolchanWed, 16072025 - 15:14Bitcoin OG Davinci gives important advice for next decade to potential BTC holdersAdvertisementCover image viawww.youtube.comDisclaimer: The opinions expressed by our writers are their o",13,success,4.0,5.5,3.5,4.5,7.0,5.1
U.S.-Listed Bitcoin Miners Reach New Peak Share of Global Hashrate,https://u.today/us-listed-bitcoin-miners-reach-new-peak-share-of-global-hashrate,"Wed, 16 Jul 2025 14:38:43 +0000",100,100,"US-listed Bitcoin miners have increased their dominance, according to most recent JPMorgan data","...HomeNewsBitcoin NewsU.S.-Listed Bitcoin Miners Reach New Peak Share of Global HashrateNewsByAlex DovbnyaWed, 16072025 - 14:38US-listed Bitcoin miners have increased their dominance, according to most recent JPMorgan dataAdvertisementCover image viawww.freepik.comRead U.TODAY onGoogle NewsThe shar",13,success,4.0,5.5,4.0,8.5,7.0,5.6
"Ethereum 'God Candle' Incoming: Will ETH Price Reach $4,000?",https://u.today/ethereum-god-candle-incoming-will-eth-price-reach-4000,"Wed, 16 Jul 2025 14:31:00 +0000",100,100,Ethereum key measures suggest traders' positioning,"...HomeNewsEthereum NewsEthereum God Candle Incoming: Will ETH Price Reach 4,000?NewsByTomiwabold OlajideWed, 16072025 - 14:31Ethereum key measures suggest traders positioningAdvertisementCover image viawww.freepik.comDisclaimer: The opinions expressed by our writers are their own and do not represe",13,success,4.0,4.5,3.5,5.5,4.5,4.5
"$1,260,000,000 Locked in Cardano Open Interest, But There's a Catch",https://u.today/1260000000-locked-in-cardano-open-interest-but-theres-a-catch,"Wed, 16 Jul 2025 14:24:00 +0000",100,100,"Cardano open interest is bullish, with more than 1.68 billion ADA locked in as price eyes cycle high","...HomeNewsCardano1,260,000,000 Locked in Cardano Open Interest, But Theres a CatchNewsByGodfrey BenjaminWed, 16072025 - 14:24Cardano open interest is bullish, with more than 1.68 billion ADA locked in as price eyes cycle highAdvertisementCover image viawww.freepik.comDisclaimer: The opinions expres",13,success,4.0,6.5,4.0,6.5,4.5,5.0
Bitcoin (BTC) Price Analysis for July 16,https://u.today/bitcoin-btc-price-analysis-for-july-16,"Wed, 16 Jul 2025 14:17:00 +0000",100,100,How long is sideways trading of Bitcoin (BTC) going to last?,"...HomePrice AnalysisBitcoin Price PredictionOriginal U.Today articleBitcoin (BTC) Price Analysis for July 16Price AnalysisByDenys SerhiichukWed, 16072025 - 14:17How long is sideways trading of Bitcoin (BTC) going to last?AdvertisementCover image viaU.TodayDisclaimer: The opinions expressed by our w",13,success,3.5,4.0,3.5,4.0,4.0,4.0
XRP Burns Surge 100%: What Does This Mean?,https://u.today/xrp-burns-surge-100-what-does-this-mean,"Wed, 16 Jul 2025 14:09:00 +0000",100,100,XRP sees massive 100% surge in metric that many forget about,"...HomeNewsXRPXRP Burns Surge 100: What Does This Mean?NewsByArman ShirinyanWed, 16072025 - 14:09XRP sees massive 100 surge in metric that many forget aboutAdvertisementCover image viawww.freepik.comDisclaimer: The opinions expressed by our writers are their own and do not represent the views of U.T",13,success,4.0,4.5,5.0,6.5,7.0,5.2
Strategy's Saylor Issues One-Word Verdict for Bitcoin,https://u.today/strategys-saylor-issues-one-word-verdict-for-bitcoin-0,"Wed, 16 Jul 2025 13:53:00 +0000",100,100,"Strategy's CEO Michael Saylor channels his inner dude from ""Big Lebowski"" in new one-word Bitcoin verdict","...HomeNewsMichael SaylorStrategys Saylor Issues One-Word Verdict for BitcoinNewsByGamza KhanzadaevWed, 16072025 - 13:53Strategys CEO Michael Saylor channels his inner dude from Big Lebowski in new one-word Bitcoin verdictAdvertisementCover image viaU.TodayRead U.TODAY onGoogle NewsMichael Saylor, t",13,success,4.0,5.5,3.0,5.0,7.0,5.1
"Dogecoin One-Fifth of Way to $1 Price Milestone, Wen Moon?",https://u.today/dogecoin-one-fifth-of-way-to-1-price-milestone-wen-moon,"Wed, 16 Jul 2025 13:44:00 +0000",100,100,"Dogecoin price surged toward this target in 2021, with many now hoping for repeat","...HomeNewsDogecoin NewsDogecoin One-Fifth of Way to 1 Price Milestone, Wen Moon?NewsByTomiwabold OlajideWed, 16072025 - 13:44Dogecoin price surged toward this target in 2021, with many now hoping for repeatAdvertisementCover image viawww.freepik.comDisclaimer: The opinions expressed by our writers ",13,success,4.0,6.5,3.5,4.5,7.0,5.4
95% Shiba Inu (SHIB) Drop: What Just Happened?,https://u.today/95-shiba-inu-shib-drop-what-just-happened,"Wed, 16 Jul 2025 13:35:00 +0000",100,100,"Shiba Inu seeing large drop in inflows on market, hinting at potential rally reversal","...HomeNewsShiba Inu95 Shiba Inu (SHIB) Drop: What Just Happened?NewsByArman ShirinyanWed, 16072025 - 13:35Shiba Inu seeing large drop in inflows on market, hinting at potential rally reversalAdvertisementCover image viawww.freepik.comDisclaimer: The opinions expressed by our writers are their own a",13,success,4.0,4.0,4.5,6.5,7.0,5.1
XRP to $6.90: Top Trader Confirms His Ultimate XRP Price Target,https://u.today/xrp-to-690-top-trader-confirms-his-ultimate-xrp-price-target,"Wed, 16 Jul 2025 13:24:00 +0000",100,100,XRP price to rocket 135% if this XRP price prediction from top trader comes true,"...HomeNewsXRPXRP to 6.90: Top Trader Confirms His Ultimate XRP Price TargetNewsByGamza KhanzadaevWed, 16072025 - 13:24XRP price to rocket 135 if this XRP price prediction from top trader comes trueAdvertisementCover image viawww.freepik.comDisclaimer: The opinions expressed by our writers are their",13,success,3.5,4.0,3.5,4.5,7.0,4.6
Crypto Week Could Unlock “Trillions” as U.S. Bills Seek to Clarify Digital Assets,https://cryptonews.com/news/crypto-week-us-bills-unlock-trillions-digital-assets/,"Thu, 17 Jul 2025 01:21:58 +0000",86,100,"<p>During Crypto Week, U.S. representatives have advanced the CLARITY, GENIUS and Anti-CBDC acts, steps that would clarify SEC or CFTC oversight, require one-to-one stablecoin backing and ban a Federa","<p>During Crypto Week, U.S. representatives have advanced the CLARITY, GENIUS and Anti-CBDC acts, steps that would clarify SEC or CFTC oversight, require one-to-one stablecoin backing and ban a Federal Reserve CBDC, showing momentum toward broader regulation despite procedural and political hurdles.",13,success,4.0,5.0,4.0,8.5,4.5,5.0
Senator Cynthia Lummis ‘Alarmed’ By Alleged U.S. Bitcoin Reserve Holdings,https://cryptonews.com/news/new-docs-allegedly-show-the-u-s-government-holds-significant/,"Wed, 16 Jul 2025 23:11:50 +0000",86,100,"<p><strong>Cynthia Lummis</strong> has expressed alarm after newly released U.S. Marshals Service records valued the federal Bitcoin reserve at just $3.44 billion, or roughly 29 000 BTC—about 85 perce","<p><strong>Cynthia Lummis</strong> has expressed alarm after newly released U.S. Marshals Service records valued the federal Bitcoin reserve at just $3.44 billion, or roughly 29 000 BTC—about 85 percent less than the 200 000 coins estimated when Donald Trump created the reserve in March 2025, accord",13,success,3.0,3.5,3.0,5.0,7.0,4.3
"Crypto Price Prediction Today 16 July – XRP, Solana, Pepe",https://cryptonews.com/news/crypto-price-prediction-today-16-july-xrp-solana-pepe/,"Wed, 16 Jul 2025 23:25:15 +0000",85,100,"<p>Crypto price prediction today reports Bitcoin remaining just 3.3% below its record $122,838 and analyses whether XRP’s post-SEC victory momentum, Solana’s ETF prospects, Pepe’s bullish wedge and ne","<p>Crypto price prediction today reports Bitcoin remaining just 3.3% below its record $122,838 and analyses whether XRP’s post-SEC victory momentum, Solana’s ETF prospects, Pepe’s bullish wedge and newcomer Snorter’s presale growth have positioned each token for fresh highs amid an expected bull cyc",13,success,4.0,4.0,3.5,4.5,4.0,4.2
"FLOKI Rallies 30% In 24 Hours, BOME, FARTCOIN Follow | Meme Coins To Watch",https://beincrypto.com/meme-coins-to-watch-fartcoin-bome-floki/,"Thu, 17 Jul 2025 13:04:05 +0000",100,85,"<p>FLOKI’s 30% rally, FARTCOIN’s recovery, and BOME’s surprise performance highlight meme coin momentum, but investors should stay cautious of potential pullbacks.</p>
<p>The post <a href=""https://bei","ByAaryamann Shrivastava17 July 2025, 13:04 GMT0000Updated byHarsh Notariya17 July 2025, 13:04 GMT0000Join our Trading Community on TelegramShare on TwitterShare on EmailShare on LinkedinShare on Google NewsIn BriefFLOKI rallies 30 to a 5-month high, signaling bullish potential with a target of 0.000",13,success,5.0,5.5,4.0,5.5,7.0,5.7
Dogecoin (DOGE) Just Inch Away From 'Breakout of the Year',https://u.today/dogecoin-doge-just-inch-away-from-breakout-of-the-year,"Thu, 17 Jul 2025 09:36:00 +0000",100,85,"Dogecoin (DOGE) to $0.50? Meme coin king gears up for ""Breakout of the Year""","...HomeNewsDogecoin Price PredictionDogecoin (DOGE) Just Inch Away From Breakout of the YearNewsByGamza KhanzadaevThu, 17072025 - 9:36Dogecoin (DOGE) to 0.50? Meme coin king gears up for Breakout of the YearAdvertisementCover image viawww.freepik.comDisclaimer: The opinions expressed by our writers ",13,success,4.0,5.0,3.5,5.5,4.5,4.7
Sudden New ETH Shuffle by Ethereum Foundation Raises Big Question,https://u.today/sudden-new-eth-shuffle-by-ethereum-foundation-raises-big-question,"Wed, 16 Jul 2025 13:49:00 +0000",100,85,"$22,000,000 ETH lands in mysterious wallet tied to Ethereum Foundation","...HomeNewsEthereum NewsSudden New ETH Shuffle by Ethereum Foundation Raises Big QuestionNewsByGamza KhanzadaevWed, 16072025 - 13:4922,000,000 ETH lands in mysterious wallet tied to Ethereum FoundationAdvertisementCover image viawww.freepik.comRead U.TODAY onGoogle NewsAccording tofresh on-chain dat",13,success,4.0,5.5,4.0,8.5,4.5,5.1
“Bitcoin Jesus” Faces 109-Year Sentence as $48M Tax Extradition Battle Hits Europe,https://cryptonews.com/news/bitcoin-jesus-109-year-tax-extradition/,"Wed, 16 Jul 2025 23:46:23 +0000",86,85,<p>Early Bitcoin investor Roger Ver has asked the European Court of Human Rights to block his U.S. <strong>Tax Extradition</strong>. He has said Spain ignored legal safeguards in approving transfer on,"<p>Early Bitcoin investor Roger Ver has asked the European Court of Human Rights to block his U.S. <strong>Tax Extradition</strong>. He has said Spain ignored legal safeguards in approving transfer on allegations he has evaded $48 m taxes from a 2017 bitcoin sale, highlighting ongoing policy uncerta",13,success,4.0,5.0,3.0,6.5,4.0,4.6
"Altcoin Season Heats Up: AI Flags LINK, ADA, AVAX for Explosive Breakouts",https://cryptonews.com/news/altcoin-season-ai-link-ada-avax-explosive-gains/,"Wed, 16 Jul 2025 22:21:34 +0000",86,85,"<p>Altcoin season momentum has accelerated as AI-driven technical research has shown Chainlink, Cardano, and Avalanche have formed bullish consolidation patterns. The analysis projects 44 %–264 % upsi","<p>Altcoin season momentum has accelerated as AI-driven technical research has shown Chainlink, Cardano, and Avalanche have formed bullish consolidation patterns. The analysis projects 44 %–264 % upside within 30 days, supported by higher volumes, improving sentiment, and growing institutional flows",13,success,4.0,5.0,3.5,6.5,7.0,5.3
"ChatGPT Predicts the Price of XRP, Dogecoin and Shiba Inu by the End of 2025",https://cryptonews.com/news/chatgpt-predicts-the-price-of-xrp-dogecoin-and-shiba-inu-by-the-end-of-2025/,"Wed, 16 Jul 2025 23:28:40 +0000",85,85,"<p>ChatGPT predicts Bitcoin's $122,838 record could ignite a new bull phase, lifting altcoins. It has forecast XRP to top $10, DOGE to $1.50 and SHIB to rise sevenfold by late 2025, citing clearer reg","<p>ChatGPT predicts Bitcoin's $122,838 record could ignite a new bull phase, lifting altcoins. It has forecast XRP to top $10, DOGE to $1.50 and SHIB to rise sevenfold by late 2025, citing clearer regulation, wider payment use and enduring investor momentum.</p>
<p>The post <a href=""https://cryptone",13,success,4.0,4.0,3.5,4.5,4.5,4.4
"[LIVE] Crypto News Today: Latest Updates for July 17, 2025 – Altcoin Mania is Here, ETH Crosses $3.3K, XRP Holds Above $3",https://cryptonews.com/news/live-crypto-news-today-latest-updates-for-july-17-2025/,"Thu, 17 Jul 2025 04:46:32 +0000",83,85,"<p>Follow up to the hour updates on what is happening in crypto today, July 17. Market movements, crypto news, and more!</p>
<p>The post <a href=""https://cryptonews.com/news/live-crypto-news-today-lat","<p>Follow up to the hour updates on what is happening in crypto today, July 17. Market movements, crypto news, and more!</p>
<p>The post <a href=""https://cryptonews.com/news/live-crypto-news-today-latest-updates-for-july-17-2025/"">[LIVE] Crypto News Today: Latest Updates for July 17, 2025 – Altcoin ",13,success,2.0,4.5,2.0,4.0,3.0,3.5
"SharpLink Adds Another 20,279 ETH, Surpasses Ethereum Foundation",https://cryptonews.com/news/sharplink-adds-another-20279-eth-surpasses-ethereum-foundation/,"Thu, 17 Jul 2025 08:19:16 +0000",82,85,"<p>According Lookonchain, SharpLink has bought another 20,279 Ethereum (ETH) on Thursday, worth $68.38 million.</p>
<p>The post <a href=""https://cryptonews.com/news/sharplink-adds-another-20279-eth-su","<p>According Lookonchain, SharpLink has bought another 20,279 Ethereum (ETH) on Thursday, worth $68.38 million.</p>
<p>The post <a href=""https://cryptonews.com/news/sharplink-adds-another-20279-eth-surpasses-ethereum-foundation/"">SharpLink Adds Another 20,279 ETH, Surpasses Ethereum Foundation</a> a",13,success,2.0,5.5,2.0,5.0,3.0,3.8
Ethereum ETFs Smash Records with $727M Single-Day Inflow Surge,https://cryptonews.com/news/ethereum-etf-smash-records-727m-single-day-inflow/,"Thu, 17 Jul 2025 05:43:36 +0000",82,85,"<p>Ethereum ETFs saw a record $726.74M inflow on July 16, marking a major turnaround and pushing total net inflows to $6.48B.</p>
<p>The post <a href=""https://cryptonews.com/news/ethereum-etf-smash-re","<p>Ethereum ETFs saw a record $726.74M inflow on July 16, marking a major turnaround and pushing total net inflows to $6.48B.</p>
<p>The post <a href=""https://cryptonews.com/news/ethereum-etf-smash-records-727m-single-day-inflow/"">Ethereum ETFs Smash Records with $727M Single-Day Inflow Surge</a> ap",13,success,3.0,5.0,2.0,7.5,7.0,5.0
UK Crime Officer Jailed for Stealing 50 Bitcoins Worth £4.4M During Silk Road Investigation,https://cryptonews.com/news/uk-crime-officer-jailed-for-stealing-50-bitcoins-worth-4-4m-during-silk-road-investigation/,"Thu, 17 Jul 2025 09:03:01 +0000",85,70,"<p class=""whitespace-normal break-words"">Former National Crime Agency officer Paul Chowles has been sentenced to 5.5 years in prison for stealing 50 Bitcoin worth £4.4 million from evidence seized dur","<p class=""whitespace-normal break-words"">Former National Crime Agency officer Paul Chowles has been sentenced to 5.5 years in prison for stealing 50 Bitcoin worth £4.4 million from evidence seized during a Silk Road investigation.</p>
<p>The post <a href=""https://cryptonews.com/news/uk-crime-officer",13,success,3.0,5.0,2.0,5.0,4.0,4.2
Thailand Plans Crypto Sandbox Allowing Tourists to Convert Crypto into Local Currency,https://cryptonews.com/news/thailand-plans-crypto-sandbox-allowing-tourists-to-convert-crypto-into-local-currency/,"Thu, 17 Jul 2025 07:44:11 +0000",84,70,"<p>Thailand is preparing to launch a regulatory crypto sandbox that will enable foreign tourists to convert their crypto assets into baht for spending locally. </p>
<p>The post <a href=""https://crypto","<p>Thailand is preparing to launch a regulatory crypto sandbox that will enable foreign tourists to convert their crypto assets into baht for spending locally. </p>
<p>The post <a href=""https://cryptonews.com/news/thailand-plans-crypto-sandbox-allowing-tourists-to-convert-crypto-into-local-currency/",13,success,3.0,5.5,3.0,7.5,4.0,4.7
Bank of America Trying to Understand Client Demand Before Stablecoin Rollout: CEO,https://cryptonews.com/news/bofa-to-understand-client-demand-before-stablecoin-rollout/,"Thu, 17 Jul 2025 05:07:55 +0000",83,70,"<p>BofA has “done a lot of work” on launching its own stablecoin and is trying to understand customer demand in the space, which isn’t high currently.</p>
<p>The post <a href=""https://cryptonews.com/n","<p>BofA has “done a lot of work” on launching its own stablecoin and is trying to understand customer demand in the space, which isn’t high currently.</p>
<p>The post <a href=""https://cryptonews.com/news/bofa-to-understand-client-demand-before-stablecoin-rollout/"">Bank of America Trying to Understan",13,success,3.0,4.0,3.0,5.5,3.0,3.8
Coinbase Wallet Morphs into the ‘Everything’ Base App,https://cryptonews.com/news/coinbase-wallet-morphs-into-the-base-app/,"Wed, 16 Jul 2025 23:00:00 +0000",83,70,"<p>Coinbase has transformed its Coinbase Wallet into the novel Base App, describing it as “an everything app” that supports trading, payments, social, apps, and chat.</p>
<p>The post <a href=""https://","<p>Coinbase has transformed its Coinbase Wallet into the novel Base App, describing it as “an everything app” that supports trading, payments, social, apps, and chat.</p>
<p>The post <a href=""https://cryptonews.com/news/coinbase-wallet-morphs-into-the-base-app/"">Coinbase Wallet Morphs into the &#821",13,success,3.0,6.0,2.0,6.0,7.0,4.9
"XRP Price Prediction 17 July, 2025: Is Ripple Price Going to $4 Today After Launch of UXRP ETF?",https://cryptonews.com/news/xrp-price-prediction-17-july-2025-is-ripple-price-going-to-4-today-after-launch-of-uxrp-etf/,"Thu, 17 Jul 2025 12:06:39 +0000",87,45,"<p>XRP (XRP) has gone up by 11% in the past 24 hours and has broken through the $3 barrier, which favors a bullish XRP price prediction.This rally seems to have been ignited by the approval of the fir","<p>XRP (XRP) has gone up by 11% in the past 24 hours and has broken through the $3 barrier, which favors a bullish XRP price prediction.This rally seems to have been ignited by the approval of the first exchange-traded fund (ETF) linked to this token in the United States. We’re excited to introduce ",13,success,3.0,4.5,3.0,5.0,4.0,4.2
"[LIVE] XRP Price Tracker July 17, 2025: Rally Continues, Is Ripple Going to Reach a New ATH Today?",https://cryptonews.com/news/xrp-price-tracker-july-17-2025-new-ath-coming-today/,"Thu, 17 Jul 2025 09:18:36 +0000",86,45,"<p>Is the XRP price about to hit a new all-time high today? Stay on top of the markets with our live XRP price tracker for July 17, 2025. As Ripple’s bullish momentum continues, traders and investors ","<p>Is the XRP price about to hit a new all-time high today? Stay on top of the markets with our live XRP price tracker for July 17, 2025. As Ripple’s bullish momentum continues, traders and investors are watching closely to see if XRP is on the verge of reaching a new all-time high. This article [&#",13,success,2.0,4.5,2.0,4.0,3.0,3.4
Bonk Price Prediction: Can BONK Shed A Zero And Hit a New ATH In July 2025?,https://cryptonews.com/news/bonk-price-prediction-can-bonk-shed-a-zero-and-hit-a-new-ath-in-july-2025/,"Thu, 17 Jul 2025 12:33:33 +0000",84,45,"<p>Institutional recognition and continued adoption have positioned BONK as the speculative play of choice, breaking into the meme coin top 5 amid a fresh wave of retail liquidity.</p>
<p>The post <a ","<p>Institutional recognition and continued adoption have positioned BONK as the speculative play of choice, breaking into the meme coin top 5 amid a fresh wave of retail liquidity.</p>
<p>The post <a href=""https://cryptonews.com/news/bonk-price-prediction-can-bonk-shed-a-zero-and-hit-a-new-ath-in-ju",13,success,3.0,4.5,2.0,4.0,7.0,4.4
XRP Perpetual Futures Open Interest Hits Record $8.8B Amid Market Surge — XRP Rally Incoming?,https://cryptonews.com/news/xrp-perpetual-futures-open-interest-hits-record-8-8b-amid-market-surge-xrp-rally-incoming/,"Thu, 17 Jul 2025 10:31:33 +0000",84,45,"<p>XRP’s price surged to a six-month high on Wednesday, fueled by a spike in notional open interest for its perpetual futures contracts.</p>
<p>The post <a href=""https://cryptonews.com/news/xrp-perpet","<p>XRP’s price surged to a six-month high on Wednesday, fueled by a spike in notional open interest for its perpetual futures contracts.</p>
<p>The post <a href=""https://cryptonews.com/news/xrp-perpetual-futures-open-interest-hits-record-8-8b-amid-market-surge-xrp-rally-incoming/"">XRP Perpetual Futu",13,success,3.0,5.0,3.0,5.0,4.0,4.2
Crypto Market Maker B2C2 Plans to Raise Up to $200 Million from External Investors,https://cryptonews.com/news/crypto-market-maker-b2c2-plans-to-raise-up-to-200-million/,"Thu, 17 Jul 2025 06:10:26 +0000",83,45,"<p>B2C2, a crypto market maker based in London and 90% owned by SBI Holdings, is reportedly preparing to raise up to $200 million from external investors.</p>
<p>The post <a href=""https://cryptonews.c","<p>B2C2, a crypto market maker based in London and 90% owned by SBI Holdings, is reportedly preparing to raise up to $200 million from external investors.</p>
<p>The post <a href=""https://cryptonews.com/news/crypto-market-maker-b2c2-plans-to-raise-up-to-200-million/"">Crypto Market Maker B2C2 Plans t",13,success,2.0,5.0,2.0,5.0,3.0,3.8
"Trump-Linked World Liberty Tokens Set to Trade, May Inflate President’s Digital Asset Wealth",https://cryptonews.com/news/trump-linked-world-liberty-financial-token-set-to-trade/,"Thu, 17 Jul 2025 03:48:20 +0000",83,45,"<p>Trump-linked WLFI token will become tradable after 99.94% of holders voted in favor, potentially boosting the president’s crypto wealth.</p>
<p>The post <a href=""https://cryptonews.com/news/trump-l","<p>Trump-linked WLFI token will become tradable after 99.94% of holders voted in favor, potentially boosting the president’s crypto wealth.</p>
<p>The post <a href=""https://cryptonews.com/news/trump-linked-world-liberty-financial-token-set-to-trade/"">Trump-Linked World Liberty Tokens Set to Trade, M",13,success,2.0,4.5,2.0,4.5,3.0,3.3
Russian Lawmakers Pass Digital Ruble Bill as CBDC Rollout Draws Near,https://cryptonews.com/news/russian-lawmakers-pass-digital-ruble-bill-as-cbdc-rollout-draws-near/,"Wed, 16 Jul 2025 23:30:00 +0000",82,45,"<p>Russian lawmakers have voted in favour of a digital ruble bill that mandates a September 2026 rollout for the CBDC.</p>
<p>The post <a href=""https://cryptonews.com/news/russian-lawmakers-pass-digit","<p>Russian lawmakers have voted in favour of a digital ruble bill that mandates a September 2026 rollout for the CBDC.</p>
<p>The post <a href=""https://cryptonews.com/news/russian-lawmakers-pass-digital-ruble-bill-as-cbdc-rollout-draws-near/"">Russian Lawmakers Pass Digital Ruble Bill as CBDC Rollout",13,success,3.0,5.5,2.0,7.0,7.0,5.0
